[
  {"name": "The Art of Nuance", "status": "Sandbox", "tags": ["Storytelling"]},
  {"name": "From Private To Public / Crossing The Chasm", "status": "Sandbox", "tags": []},
  {"name": "The Midas Curse", "status": "Sandbox", "tags": []},
  {"name": "The Death of Venture Capital", "status": "Sandbox", "tags": []},
  {"name": "Everyone Wants To Be Walt Disney", "status": "Sandbox", "tags": ["Storytelling"]},
  {"name": "What Could Go Wrong?", "status": "Sandbox", "tags": []},
  {"name": "Maximizing Shareholder Value", "status": "Sandbox", "tags": ["Investing"]},
  {"name": "Science Fiction", "status": "Sandbox", "tags": []},
  {"name": "The Content Crunch", "status": "Sandbox", "tags": ["Writing"]},
  {"name": "Any Competitive Round is Undervalued", "status": "Sandbox", "tags": ["Venture Capital"]},
  {"name": "The Death of Software", "status": "Sandbox", "tags": []},
  {"name": "Tastemaking & Curation", "status": "Sandbox", "tags": ["Design"]},
  {"name": "VC Subsidies", "status": "Sandbox", "tags": ["Venture Capital"]},
  {"name": "Research Driven Firms", "status": "Sandbox", "tags": ["Venture Capital"]},
  {"name": "The Death of Colleges", "status": "Sandbox", "tags": ["Education"]},
  {"name": "Unification of the Narrative", "status": "Sandbox", "tags": ["Storytelling"]},
  {"name": "Hype Cycles", "status": "Sandbox", "tags": ["Psychology", "Venture Capital"]},
  {"name": "Monoculture & Pluralism", "status": "Sandbox", "tags": []},
  {"name": "In-Group Think", "status": "Sandbox", "tags": ["Psychology"]},
  {"name": "Writing", "status": "Sandbox", "tags": ["Writing"]},
  {"name": "Consolidate or Die", "status": "Sandbox", "tags": []},
  {"name": "The Art of Incubation", "status": "Sandbox", "tags": ["Investing"]},
  {"name": "Universal Basic Income", "status": "Sandbox", "tags": []},
  {"name": "One Person Unicorn", "status": "Sandbox", "tags": []},
  {"name": "Engagement Farming", "status": "Sandbox", "tags": []},
  {"name": "Holding Companies", "status": "Sandbox", "tags": []},
  {"name": "Oh Say, What is Truth?", "status": "Written", "tags": []},
  {"name": "Too Many Startups? Or Too Few Good Founders?", "status": "Sandbox", "tags": []},
  {"name": "Academic Research", "status": "Sandbox", "tags": ["Education"]},
  {"name": "VC Is NOT An Apprenticeship Model", "status": "Sandbox", "tags": ["Venture Capital"]},
  {"name": "Building a Product-Led VC", "status": "Sandbox", "tags": ["Venture Capital"]},
  {"name": "Ambition & Hard Work", "status": "Sandbox", "tags": []},
  {"name": "Inequality of Outcomes", "status": "Sandbox", "tags": ["Venture Capital"]},
  {"name": "Unions", "status": "Sandbox", "tags": ["Firm Building"]},
  {"name": "Synthetic Data", "status": "Sandbox", "tags": ["AI / ML", "Data"]},
  {"name": "Silver Tsunami", "status": "Sandbox", "tags": ["Demographics"]},
  {"name": "AI-Native Companies", "status": "Written", "tags": ["AI / ML"]},
  {"name": "Generational Transition in Venture", "status": "Sandbox", "tags": ["Firm Building", "Venture Capital"]},
  {"name": "Private Schools", "status": "Sandbox", "tags": ["Education"]},
  {"name": "Risk Management", "status": "Written", "tags": ["Investing"]},
  {"name": "The Death of Knowledge", "status": "Sandbox", "tags": ["Culture", "Education"]},
  {"name": "Chief Evangelist", "status": "Written", "tags": ["Storytelling"]},
  {"name": "Which Came First, The Funder? Or The Founder?", "status": "Sandbox", "tags": ["Venture Capital"]},
  {"name": "Forecasting", "status": "Sandbox", "tags": ["Storytelling"]},
  {"name": "The Root of All [Everything]", "status": "Sandbox", "tags": ["Culture"]},
  {"name": "1000x Engineer", "status": "Sandbox", "tags": ["AI / ML"]},
  {"name": "Modularization of SaaS", "status": "Sandbox", "tags": []},
  {"name": "Storytelling", "status": "Sandbox", "tags": ["Storytelling"]},
  {"name": "Deviant Sh*t", "status": "Sandbox", "tags": ["Psychology"]}
]
